y_true,y_pred
0.0,1.158649
6.0,1.1569982
0.0,1.1191096
45.0,30.271578
29.0,1.158649
0.0,0.94545597
30.0,14.802565
0.0,1.158649
0.0,1.1645546
33.0,36.211952
15.0,1.158649
1.0,1.0001642
15.0,15.150682
0.0,1.158649
12.0,1.1569982
0.0,1.0424505
0.0,3.9775467
0.0,0.97338724
44.0,16.210588
6.0,1.158649
12.0,1.1719532
15.0,15.217694
0.0,1.158649
0.0,1.1645546
0.0,5.239899
9.0,6.066469
0.0,1.0739669
48.0,22.56361
0.0,1.158649
0.0,1.1645546
41.0,2.152255
0.0,14.67896
0.0,12.948201
0.0,14.424154
14.0,14.259549
12.0,1.158649
0.0,1.0550795
15.0,3.561492
0.0,0.9823899
29.0,14.938077
0.0,1.158649
0.0,1.1645546
31.0,36.211952
0.0,1.158649
0.0,1.1569982
2.0,1.1285566
30.0,36.035328
0.0,1.158649
15.0,1.1645546
15.0,15.513774
0.0,1.158649
0.0,1.1645546
59.0,36.211952
3.0,0.9178909
0.0,1.178532
0.0,1.1359093
29.0,35.164932
0.0,0.9178909
6.0,1.1369597
0.0,1.1222018
37.0,30.613556
0.0,1.158649
8.0,1.1645546
44.0,29.139217
0.0,1.158649
0.0,1.1645546
32.0,36.211952
42.0,1.158649
0.0,0.9667455
0.0,0.9848456
15.0,14.760234
0.0,1.158649
32.0,1.1645546
15.0,14.8698015
0.0,1.158649
0.0,1.1569982
0.0,1.1285566
7.0,36.177387
35.0,29.421124
1.0,1.158649
0.0,1.1690373
35.0,36.335342
5.0,1.158649
1.0,1.1750486
33.0,8.430081
0.0,1.2472103
15.0,14.89486
0.0,1.158649
0.0,1.1569982
31.0,1.1285566
15.0,14.803127
0.0,1.158649
21.0,1.1645546
15.0,15.118833
19.0,1.158649
0.0,0.9634724
30.0,15.003614
0.0,0.9178909
0.0,1.1369597
0.0,1.1465458
45.0,36.24346
0.0,1.158649
44.0,1.1569982
0.0,1.9474707
0.0,2.5877187
0.0,6.1444116
15.0,14.771521
14.0,1.158649
0.0,1.0155793
16.0,15.246631
0.0,0.9178909
0.0,1.1369597
0.0,1.1465458
37.0,36.24346
27.0,1.158649
0.0,0.94632715
0.0,1.1946629
0.0,1.0289471
15.0,14.8963375
0.0,1.158649
32.0,1.1569982
0.0,1.0406268
0.0,14.7599125
0.0,14.956541
15.0,14.999544
0.0,0.9178909
0.0,1.1369597
1.0,1.1465458
35.0,36.294125
0.0,0.9178909
0.0,1.1369597
1.0,1.1465458
35.0,36.294125
1.0,1.158649
4.0,2.3580096
6.0,1.0957124
20.0,18.321215
3.0,1.158649
27.0,1.1745628
15.0,14.90306
0.0,1.158649
32.0,1.1569982
0.0,1.0406268
5.0,2.2918527
0.0,0.9602979
15.0,14.833671
0.0,1.158649
11.0,1.1645546
34.0,20.590307
22.0,1.158649
0.0,0.94991994
15.0,14.927259
29.0,1.158649
0.0,0.94545597
30.0,14.802565
0.0,1.158649
0.0,1.1645546
30.0,36.211952
1.0,1.158649
0.0,1.1690373
0.0,36.335342
0.0,1.1711347
43.0,35.772907
0.0,1.158649
2.0,1.1645546
28.0,36.28337
0.0,1.158649
0.0,1.1645546
30.0,36.211952
10.0,1.158649
3.0,1.1081059
16.0,15.440765
4.0,1.158649
0.0,1.175695
26.0,32.982002
0.0,1.158649
0.0,1.1645546
5.0,6.136357
0.0,1.1103014
12.0,7.4884024
0.0,0.9864832
15.0,15.614305
25.0,1.158649
0.0,0.9474385
30.0,14.866919
28.0,1.158649
4.0,0.94586754
15.0,14.783579
0.0,0.9178909
1.0,1.1369597
0.0,1.1425673
29.0,36.28717
7.0,1.158649
14.0,1.1648172
15.0,15.111577
0.0,1.158649
0.0,1.1645546
0.0,5.239899
0.0,1.1143596
43.0,36.21204
13.0,1.158649
3.0,1.0340285
15.0,15.167138
0.0,0.9178909
5.0,1.1369597
1.0,1.1321484
23.0,30.635931
3.0,0.9178909
0.0,1.178532
0.0,1.127874
0.0,34.283703
0.0,1.1418236
34.0,3.7667887
0.0,0.933706
15.0,13.916642
0.0,0.9178909
16.0,1.1369597
1.0,0.98151773
15.0,15.185281
7.0,1.158649
6.0,1.0698646
0.0,1.0352927
17.0,15.534529
0.0,1.158649
0.0,1.1645546
31.0,36.211952
0.0,1.158649
0.0,1.1645546
44.0,36.211952
3.0,1.158649
6.0,1.1745628
21.0,22.109463
0.0,1.158649
0.0,1.2513213
0.0,1.0852948
0.0,36.323948
0.0,1.1607978
2.0,1.0573244
0.0,1.1709299
29.0,26.49642
0.0,1.158649
0.0,1.1645546
46.0,36.211952
0.0,1.158649
12.0,1.1569982
0.0,1.0838995
0.0,0.95742065
4.0,3.0118732
0.0,0.9952348
15.0,15.468443
1.0,1.158649
0.0,1.1690373
4.0,6.1585226
0.0,1.1051966
24.0,31.904016
0.0,1.158649
38.0,1.1645546
15.0,14.796949
0.0,1.158649
0.0,1.1645546
44.0,36.211952
0.0,1.158649
4.0,1.1645546
41.0,35.208168
29.0,1.158649
0.0,0.94545597
15.0,14.805781
0.0,0.9178909
0.0,1.1369597
7.0,1.1465458
36.0,31.584267
0.0,1.158649
13.0,1.2513213
0.0,0.99896777
27.0,4.8644295
0.0,0.95540124
15.0,14.854402
11.0,1.158649
2.0,1.0816661
6.0,2.8822713
0.0,1.041725
15.0,15.1142845
18.0,1.158649
0.0,0.97000647
30.0,15.034824
26.0,1.158649
0.0,0.9468432
15.0,14.849681
21.0,1.158649
0.0,0.95321393
15.0,14.95062
0.0,1.158649
0.0,1.1645546
30.0,36.211952
9.0,1.158649
0.0,1.1310171
21.0,20.672173
5.0,1.158649
0.0,1.1750486
40.0,30.777397
1.0,1.158649
0.0,1.1690373
3.0,6.1585226
0.0,1.124065
26.0,34.26811
0.0,1.158649
0.0,1.1645546
45.0,36.211952
3.0,1.158649
2.0,1.1681587
0.0,1.1173848
38.0,31.922682
0.0,1.158649
0.0,1.1645546
37.0,36.211952
0.0,1.158649
0.0,1.1645546
33.0,5.239899
0.0,1.5494404
15.0,14.987363
0.0,1.158649
0.0,1.1645546
0.0,36.211952
0.0,1.1592603
25.0,2.1264925
0.0,0.9090006
15.0,14.853972
0.0,1.158649
0.0,1.1645546
0.0,5.239899
0.0,1.1143596
47.0,36.21204
0.0,1.158649
0.0,1.1569982
3.0,1.1285566
16.0,35.576572
4.0,0.9744691
19.0,2.1086938
0.0,0.9368021
15.0,14.624814
0.0,1.158649
0.0,1.1645546
36.0,36.211952
0.0,1.158649
0.0,1.1645546
0.0,36.211952
0.0,1.1592603
3.0,2.1264925
0.0,1.1700518
38.0,32.806557
7.0,1.158649
16.0,1.0698646
0.0,0.99440604
0.0,0.97964835
9.0,1.129154
0.0,1.0703042
2.0,1.0152858
0.0,1.0463737
15.0,13.188999
21.0,1.158649
0.0,0.95321393
15.0,14.95062
0.0,1.158649
21.0,1.1645546
15.0,15.118833
0.0,1.158649
19.0,1.1645546
9.0,3.827078
0.0,1.0051285
15.0,15.01067
12.0,1.158649
3.0,0.9631102
0.0,1.016242
15.0,15.184231
0.0,1.158649
0.0,1.1645546
43.0,36.211952
7.0,1.158649
4.0,1.1648172
45.0,16.221981
6.0,1.158649
0.0,1.1719532
41.0,28.418331
0.0,1.158649
0.0,1.1645546
39.0,36.211952
4.0,1.158649
0.0,1.175695
28.0,32.982002
0.0,1.158649
0.0,1.1645546
9.0,5.239899
0.0,1.066927
7.0,5.5932326
0.0,0.9820391
15.0,15.846279
0.0,0.9178909
0.0,1.1369597
2.0,1.1465458
56.0,36.184917
0.0,1.158649
1.0,1.1569982
0.0,1.1275513
42.0,36.221436
10.0,1.158649
0.0,1.1081059
49.0,18.140738
0.0,1.158649
0.0,1.1645546
44.0,36.211952
3.0,1.158649
0.0,1.1681587
0.0,1.1260995
40.0,34.669853
8.0,1.158649
0.0,1.1494873
50.0,23.31302
0.0,0.9178909
0.0,1.1369597
0.0,1.1465458
44.0,36.24346
0.0,1.158649
0.0,1.1645546
0.0,5.239899
0.0,1.1369716
44.0,36.226807
0.0,1.158649
4.0,1.1645546
39.0,35.208168
0.0,0.9178909
0.0,1.1369597
0.0,1.1465458
44.0,36.24346
2.0,1.158649
0.0,1.1723665
41.0,36.02413
0.0,1.158649
0.0,1.1645546
43.0,36.211952
1.0,1.158649
0.0,1.1690373
29.0,36.335342
0.0,1.158649
0.0,1.1645546
0.0,5.239899
2.0,6.066469
0.0,1.1424315
32.0,35.19081
0.0,1.158649
0.0,1.1569982
9.0,4.974664
0.0,1.054522
30.0,20.651495
3.0,1.158649
0.0,1.1745628
1.0,8.0552025
0.0,1.0687929
45.0,31.539696
0.0,1.158649
2.0,1.1645546
0.0,7.065471
6.0,8.139934
0.0,1.0531567
45.0,25.740828
0.0,1.158649
0.0,1.1645546
25.0,5.239899
1.0,1.092146
15.0,15.145673
2.0,1.158649
7.0,1.1723665
2.0,7.1336975
5.0,5.2124715
0.0,1.0028358
0.0,1.644711
0.0,0.99956113
15.0,15.688619
0.0,1.158649
30.0,1.1645546
7.0,3.1082888
0.0,0.9837912
15.0,14.867484
0.0,1.158649
0.0,1.1569982
0.0,1.1285566
59.0,36.177387
0.0,1.158649
0.0,1.1645546
43.0,36.211952
1.0,1.158649
0.0,1.1690373
29.0,36.335342
0.0,1.158649
0.0,1.1569982
2.0,1.1285566
41.0,36.035328
0.0,1.158649
0.0,1.1645546
41.0,36.36863
0.0,1.6085087
0.0,14.6631565
15.0,14.741204
0.0,1.158649
0.0,1.1645546
43.0,36.211952
0.0,1.158649
0.0,1.1645546
43.0,36.211952
1.0,1.158649
0.0,1.1649922
0.0,1.0920845
0.0,1.159366
3.0,4.8652577
0.0,1.1450214
1.0,4.8887258
0.0,1.0292673
28.0,1.7448976
0.0,1.158649
0.0,1.1569982
0.0,1.1285566
33.0,36.177387
0.0,1.158649
13.0,1.1645546
0.0,4.6348886
0.0,4.5123467
5.0,0.97839123
30.0,15.328806
0.0,0.9178909
0.0,1.1369597
18.0,1.1465458
15.0,15.128417
0.0,1.158649
0.0,1.1645546
31.0,36.211952
1.0,1.158649
0.0,2.3580096
0.0,1.0856652
0.0,6.676171
0.0,1.1377176
30.0,35.767326
23.0,1.158649
0.0,0.948967
15.0,14.905637
0.0,1.158649
0.0,1.1569982
1.0,1.1285566
32.0,36.23364
0.0,1.158649
0.0,1.1645546
32.0,36.211952
6.0,1.158649
1.0,1.1719532
4.0,7.730265
0.0,1.005708
31.0,17.449488
4.0,1.158649
0.0,1.175695
27.0,32.982002
4.0,1.158649
0.0,1.175695
14.0,8.1598
0.0,0.96206594
15.0,15.543545
0.0,1.158649
0.0,1.1645546
59.0,36.211952
0.0,1.158649
1.0,1.1645546
0.0,36.367886
0.0,36.110527
11.0,1.1078355
18.0,18.04446
4.0,1.158649
0.0,1.175695
41.0,32.982002
0.0,0.91789097
4.0,1.1369597
0.0,1.1379726
41.0,34.42972
0.0,1.158649
7.0,1.1569982
5.0,1.1118134
6.0,1.0484376
30.0,15.201575
0.0,1.158649
0.0,1.1645546
34.0,36.211952
0.0,1.158649
0.0,1.1645546
33.0,36.211952
0.0,1.158649
1.0,1.1645546
42.0,36.367886
0.0,1.158649
0.0,1.1645546
45.0,36.211952
0.0,1.158649
0.0,1.1645546
4.0,5.239899
0.0,1.1327758
32.0,34.365246
0.0,1.158649
0.0,1.1645546
31.0,36.211952
0.0,1.158649
0.0,1.1645546
1.0,36.21196
19.0,1.1693128
30.0,14.869417
0.0,1.158649
0.0,1.1645546
49.0,36.211952
0.0,1.158649
0.0,1.1645546
9.0,5.239899
0.0,1.0489358
21.0,24.727743
0.0,1.158649
0.0,1.1645546
31.0,36.211952
0.0,1.158649
0.0,1.1645546
30.0,36.36863
0.0,1.158649
0.0,1.1645546
31.0,36.211952
5.0,1.158649
0.0,1.1750486
26.0,30.777397
1.0,0.9178909
0.0,1.1665429
0.0,1.1452358
30.0,36.286213
1.0,1.158649
0.0,1.1690373
0.0,36.335342
43.0,36.093605
0.0,1.158649
0.0,1.1645546
33.0,36.21196
2.0,1.158649
4.0,1.1723665
40.0,31.862566
10.0,1.158649
26.0,1.1081059
15.0,14.827941
0.0,1.158649
20.0,1.1645546
30.0,15.1590185
0.0,1.158649
39.0,1.1645546
15.0,14.787186
3.0,1.158649
1.0,1.1745628
1.0,34.07488
0.0,1.1308413
19.0,6.720874
0.0,0.9448664
15.0,15.13881
0.0,1.158649
0.0,1.1645546
33.0,36.211952
2.0,1.158649
1.0,1.1696019
0.0,1.1245841
43.0,33.98045
0.0,1.158649
0.0,1.1645546
30.0,36.211952
7.0,1.158649
0.0,1.1648172
35.0,24.681728
1.0,1.158649
0.0,1.1690373
42.0,36.335342
2.0,1.158649
3.0,1.1723665
52.0,32.062824
0.0,1.158649
0.0,1.1645546
0.0,5.239899
4.0,6.066469
0.0,1.1372577
45.0,33.620724
1.0,1.158649
13.0,1.1690373
30.0,15.639787
0.0,1.158649
0.0,1.1645546
48.0,36.211952
0.0,1.158649
0.0,1.1645546
36.0,36.211952
5.0,1.158649
0.0,1.1750486
12.0,8.439248
0.0,0.965714
15.0,15.591948
5.0,1.158649
0.0,1.1750486
38.0,30.777397
3.0,1.158649
18.0,1.1745628
15.0,15.126721
25.0,1.158649
0.0,0.9490139
4.0,0.99172103
15.0,14.879702
12.0,1.158649
7.0,1.0550795
15.0,15.099608
11.0,1.158649
2.0,1.0816661
30.0,15.465353
0.0,1.158649
0.0,1.1645546
44.0,36.211952
7.0,1.158649
9.0,1.0698646
0.0,1.0184036
30.0,15.216228
6.0,1.158649
0.0,1.1719532
37.0,28.418331
5.0,1.158649
0.0,1.1394945
10.0,1.1037062
15.0,15.626791
8.0,1.158649
0.0,1.1494873
0.0,23.31302
50.0,24.903091
11.0,1.158649
0.0,0.97098434
10.0,1.0227157
15.0,15.049685
0.0,1.158649
0.0,1.1645546
44.0,36.211952
0.0,1.158649
2.0,1.1569982
0.0,1.0856013
0.0,1.1578331
40.0,35.430008
4.0,1.158649
0.0,1.175695
39.0,32.982002
0.0,1.158649
0.0,1.1645546
6.0,1.118515
3.0,1.1309474
20.0,26.333435
1.0,1.158649
0.0,1.1690373
29.0,36.335342
0.0,1.158649
1.0,1.1645546
29.0,36.367886
16.0,1.158649
0.0,0.95509523
2.0,1.007032
15.0,15.068924
13.0,1.158649
0.0,0.9602802
8.0,1.015298
5.0,1.1611211
0.0,1.0643952
30.0,14.889587
0.0,1.158649
0.0,1.1569982
0.0,1.1285566
32.0,36.177387
15.0,1.158649
0.0,0.95645183
6.0,1.0094728
0.0,1.0333394
15.0,14.989432
3.0,1.158649
38.0,1.1745628
15.0,14.771815
3.0,1.158649
0.0,1.1681587
3.0,1.1260995
0.0,8.112325
0.0,1.0574908
24.0,27.664133
0.0,1.158649
0.0,1.1645546
30.0,36.211952
1.0,1.158649
0.0,1.1690373
29.0,36.335342
2.0,1.158649
2.0,1.1723665
39.0,34.569935
0.0,1.158649
19.0,1.1645546
15.0,15.205921
1.0,1.158649
20.0,1.1690373
1.0,3.5829933
0.0,0.9776332
17.0,15.203875
0.0,1.158649
2.0,1.1645546
41.0,36.28337
0.0,1.158649
0.0,1.1645546
31.0,36.211952
2.0,1.158649
4.0,1.1723665
8.0,8.267727
0.0,1.028501
41.0,16.606771
0.0,1.158649
0.0,1.1645546
58.0,36.211952
0.0,1.158649
4.0,1.1645546
28.0,35.208168
0.0,1.158649
9.0,1.1645546
42.0,24.592922
9.0,1.158649
0.0,1.1310171
43.0,20.672173
0.0,1.158649
13.0,1.1645546
0.0,5.0928845
16.0,4.4933534
16.0,14.956022
0.0,1.158649
20.0,1.1645546
29.0,15.146314
0.0,1.158649
0.0,1.1645546
52.0,36.211952
0.0,1.158649
0.0,1.1645546
46.0,36.211952
4.0,1.158649
8.0,1.175695
32.0,15.848997
0.0,1.158649
0.0,1.1645546
58.0,36.211952
0.0,1.158649
0.0,1.1645546
43.0,36.211952
0.0,1.158649
0.0,1.1645546
43.0,36.211952
0.0,1.158649
0.0,1.1645546
43.0,36.211952
1.0,1.158649
0.0,1.1690373
42.0,36.335342
0.0,1.158649
0.0,1.1645546
40.0,36.211952
0.0,1.158649
14.0,1.1645546
44.0,15.659866
0.0,1.158649
6.0,1.1645546
47.0,32.725685
0.0,1.158649
13.0,1.1645546
30.0,16.385134
0.0,1.158649
0.0,1.1645546
43.0,36.211952
0.0,1.158649
13.0,1.1645546
5.0,5.0928845
10.0,3.8463552
0.0,1.0236617
14.0,15.048289
0.0,1.158649
0.0,1.1645546
12.0,1.118515
29.0,16.95806
0.0,1.158649
7.0,1.1645546
36.0,31.073345
2.0,1.158649
0.0,1.1723665
32.0,36.02413
24.0,1.158649
0.0,0.94813645
0.0,1.3253322
0.0,1.0332586
14.0,14.926119
0.0,1.158649
0.0,1.1645546
32.0,36.211952
0.0,1.158649
1.0,1.1645546
0.0,6.264172
8.0,6.8188114
0.0,1.0552586
29.0,21.975506
0.0,1.158649
0.0,1.1645546
8.0,1.118515
8.0,7.738422
0.0,1.011918
24.0,15.569172
18.0,1.158649
0.0,0.97000647
29.0,15.034657
0.0,1.158649
6.0,1.1645546
4.0,8.149177
0.0,1.0118889
5.0,24.36443
2.0,0.9445559
14.0,15.511108
0.0,1.158649
3.0,1.1645546
4.0,7.156249
16.0,8.436016
15.0,15.073091
0.0,1.158649
1.0,1.1645546
36.0,36.367886
0.0,1.158649
15.0,1.1645546
0.0,4.4887695
0.0,1.0240304
14.0,16.268427
0.0,1.158649
0.0,1.1645546
49.0,36.211952
0.0,1.158649
0.0,1.1645546
1.0,5.239899
0.0,1.1374522
47.0,36.217934
0.0,1.158649
0.0,1.1645546
3.0,5.239899
4.0,1.1379012
7.0,7.5565453
0.0,1.0073328
26.0,16.92638
0.0,1.158649
0.0,1.1569982
0.0,1.1285566
32.0,36.177387
0.0,1.158649
13.0,1.1645546
17.0,16.385134
0.0,1.158649
13.0,1.1645546
2.0,5.0928845
0.0,0.9658596
17.0,16.361385
0.0,1.158649
6.0,1.1645546
36.0,32.725685
3.0,1.158649
14.0,1.1745628
15.0,15.317887
9.0,1.158649
0.0,1.1310171
6.0,6.2079024
0.0,0.9929828
15.0,15.390845
0.0,1.158649
8.0,1.1645546
0.0,7.685826
20.0,6.7257547
0.0,0.9732986
15.0,15.043704
0.0,1.158649
0.0,1.1645546
32.0,36.211952
0.0,1.158649
0.0,1.1645546
34.0,36.211952
0.0,1.158649
10.0,1.1645546
16.0,23.902164
0.0,2.3685055
15.0,14.9921875
0.0,1.158649
0.0,1.1645546
2.0,1.118515
28.0,36.080746
0.0,1.158649
0.0,1.1645546
30.0,36.211952
0.0,1.158649
0.0,1.1645546
30.0,36.211952
0.0,1.158649
0.0,1.1645546
30.0,36.211952
0.0,1.158649
0.0,1.1645546
49.0,36.211952
0.0,1.158649
4.0,1.1645546
32.0,35.208168
0.0,1.158649
12.0,1.1645546
20.0,17.92744
0.0,1.158649
21.0,1.1645546
15.0,15.118833
0.0,1.158649
0.0,1.1645546
30.0,36.211952
0.0,1.158649
0.0,1.1645546
55.0,36.211952
0.0,1.158649
1.0,1.1645546
5.0,6.264172
0.0,1.1095401
45.0,31.531317
0.0,1.158649
0.0,1.1645546
11.0,36.211952
5.0,1.0462214
15.0,15.341719
0.0,1.158649
35.0,1.1645546
15.0,14.830123
0.0,1.158649
7.0,1.1645546
30.0,31.073345
0.0,1.158649
0.0,1.1645546
44.0,36.211952
0.0,1.158649
0.0,1.1645546
58.0,36.211952
0.0,1.158649
0.0,1.1645546
31.0,36.36863
11.0,1.158649
0.0,1.0816661
22.0,4.3869314
15.0,14.863408
0.0,1.158649
0.0,1.1569982
11.0,4.974664
0.0,1.0104762
8.0,4.381513
0.0,0.96983314
15.0,15.1842785
0.0,1.158649
0.0,1.1645546
36.0,36.211952
0.0,1.158649
0.0,1.1645546
51.0,36.211952
0.0,1.158649
2.0,1.1645546
43.0,36.28337
0.0,1.158649
0.0,1.1645546
45.0,36.211952
0.0,1.158649
0.0,1.1645546
5.0,1.118515
0.0,1.1388373
0.0,7.3516207
2.0,5.9237843
0.0,1.0277472
41.0,23.629225
0.0,1.158649
0.0,1.1645546
51.0,36.211952
0.0,1.158649
5.0,1.1645546
27.0,34.13868
0.0,1.158649
0.0,1.1645546
37.0,36.211952
0.0,1.158649
0.0,1.1645546
0.0,5.239899
0.0,1.1143596
45.0,36.21204
0.0,1.158649
0.0,1.1645546
7.0,1.118515
4.0,1.1174564
19.0,23.15237
0.0,1.158649
0.0,1.1645546
36.0,36.211952
0.0,1.158649
3.0,1.1645546
7.0,7.156249
0.0,1.0435044
31.0,23.883152
0.0,1.158649
0.0,1.1645546
17.0,1.118515
15.0,15.264683
0.0,1.158649
0.0,1.1645546
0.0,5.239899
0.0,1.1143596
0.0,4.7061887
0.0,1.1205127
14.0,30.289099
0.0,0.9883291
18.0,0.94503427
0.0,0.9269453
22.0,9.756755
0.0,1.158649
0.0,1.1645546
34.0,5.239899
0.0,1.6111294
15.0,14.9702635
0.0,1.158649
0.0,1.1645546
30.0,36.211952
0.0,1.158649
1.0,1.1645546
22.0,6.264172
0.0,0.94880027
29.0,15.23183
1.0,1.158649
28.0,1.1690373
12.0,3.2476165
0.0,0.9826059
15.0,14.849557
0.0,1.158649
2.0,1.1645546
2.0,6.741284
0.0,1.1216851
26.0,34.191006
0.0,1.158649
4.0,1.1645546
26.0,35.208168
0.0,1.158649
4.0,1.1645546
39.0,35.208168
0.0,1.158649
4.0,1.1645546
20.0,7.5823355
0.0,0.9759825
29.0,15.211172
0.0,1.158649
3.0,1.1645546
44.0,35.907127
4.0,1.158649
0.0,1.175695
3.0,8.1598
24.0,27.26048
0.0,1.158649
0.0,1.1645546
45.0,36.211952
0.0,1.158649
0.0,1.1645546
0.0,5.239899
0.0,1.1369716
45.0,36.226807
0.0,1.158649
0.0,1.1645546
43.0,36.211952
0.0,1.158649
0.0,1.1645546
36.0,36.36863
0.0,1.158649
0.0,1.1645546
58.0,36.211952
0.0,1.158649
0.0,1.1645546
37.0,36.211952
0.0,1.158649
0.0,1.1645546
47.0,36.211952
0.0,1.158649
0.0,1.1645546
10.0,5.239899
0.0,1.0477272
22.0,24.55437
0.0,1.158649
3.0,1.1645546
6.0,7.156249
0.0,1.0510105
27.0,25.644484
0.0,1.158649
0.0,1.1645546
45.0,36.211952
0.0,1.158649
0.0,1.1645546
38.0,36.211952
0.0,1.158649
1.0,1.1645546
35.0,6.264172
0.0,1.2410245
15.0,14.9734
0.0,1.158649
5.0,1.1645546
31.0,34.13868
0.0,1.158649
15.0,1.1645546
0.0,4.4887695
0.0,4.37797
0.0,0.97829425
3.0,2.1110153
0.0,1.0117177
0.0,1.3488461
30.0,11.362997
0.0,1.158649
0.0,1.1645546
37.0,36.21196
13.0,1.158649
0.0,1.0340285
33.0,15.322174
0.0,1.158649
2.0,1.1645546
45.0,36.28337
14.0,1.158649
3.0,1.0155793
15.0,15.1332445
6.0,1.158649
0.0,1.1719532
46.0,28.418331
0.0,1.158649
14.0,1.1645546
6.0,4.7582383
0.0,0.9870571
30.0,15.270432
0.0,1.158649
31.0,1.1645546
3.0,3.2248435
15.0,14.843047
0.0,1.158649
0.0,1.1645546
58.0,36.211952
0.0,1.158649
0.0,1.1645546
45.0,36.211952
0.0,1.158649
0.0,1.1645546
6.0,1.118515
24.0,32.730175
0.0,1.158649
7.0,1.1645546
25.0,31.073345
0.0,1.158649
0.0,1.1645546
47.0,36.211952
0.0,1.158649
2.0,1.1645546
0.0,6.741284
0.0,1.1274562
28.0,35.26704
0.0,1.158649
7.0,1.1645546
28.0,8.193394
0.0,0.9671299
15.0,14.962636
0.0,1.158649
0.0,1.1645546
33.0,36.211952
0.0,1.158649
0.0,1.1569982
0.0,1.1285566
32.0,36.177387
3.0,0.9178909
0.0,1.178532
0.0,1.1020896
0.0,1.1556598
29.0,35.040115
0.0,1.158649
2.0,1.1569982
0.0,1.1296492
43.0,36.005062
0.0,1.158649
7.0,1.1569982
0.0,1.1118134
22.0,27.216589
0.0,1.158649
7.0,1.1569982
8.0,1.0147085
0.0,1.027213
6.0,1.9872451
0.0,0.9998855
15.0,15.19198
0.0,1.158649
0.0,1.1569982
0.0,1.1285566
58.0,36.177387
0.0,1.158649
0.0,1.1569982
0.0,1.1285566
33.0,36.243973
0.0,1.158649
0.0,1.1569982
3.0,1.0913897
0.0,1.1612816
28.0,34.190548
0.0,1.158649
5.0,1.1569982
1.0,1.1244646
26.0,31.553827
0.0,1.158649
4.0,1.1569982
14.0,1.128492
30.0,15.272698
0.0,1.158649
4.0,1.1569982
0.0,1.128492
28.0,34.162663
0.0,1.158649
2.0,1.1569982
0.0,1.1296492
29.0,35.55105
0.0,1.158649
0.0,1.1645546
33.0,36.211952
0.0,0.9272152
0.0,1.158649
30.0,35.275303
0.0,1.158649
0.0,1.1645546
31.0,36.211952
12.0,1.158649
2.0,1.0550795
28.0,15.3224325
0.0,1.158649
32.0,35.275303
4.0,1.158649
0.0,1.1602486
0.0,1.116795
39.0,32.98987
0.0,1.158649
0.0,1.1645546
32.0,36.211952
0.0,0.9178909
0.0,1.1369597
0.0,1.1149839
0.0,1.1616843
30.0,36.083122
0.0,1.158649
0.0,1.1645546
43.0,36.211952
0.0,1.158649
0.0,1.1645546
0.0,36.211952
0.0,1.1592603
32.0,36.11472
0.0,1.158649
0.0,1.1569982
0.0,1.1285566
43.0,36.177387
0.0,1.158649
0.0,1.1645546
32.0,36.211952
0.0,1.158649
0.0,1.1645546
45.0,36.211952
0.0,1.158649
0.0,1.1569982
0.0,1.1285566
45.0,36.177387
4.0,1.158649
0.0,1.175695
25.0,8.1598
15.0,14.856594
0.0,1.158649
0.0,1.1645546
15.0,5.239899
15.0,15.392547
0.0,1.158649
0.0,1.1645546
54.0,36.211952
1.0,1.158649
0.0,1.1690373
28.0,36.23082
0.0,1.158649
0.0,1.1569982
0.0,1.1285566
30.0,36.177387
16.0,1.158649
0.0,0.98769224
31.0,15.118993
0.0,1.158649
1.0,1.1645546
42.0,36.367886
0.0,1.158649
1.0,1.1645546
1.0,6.264172
29.0,36.024647
0.0,1.158649
1.0,1.1645546
46.0,36.367886
5.0,1.158649
1.0,1.1750486
24.0,29.813
0.0,1.158649
32.0,35.275303
3.0,1.158649
0.0,1.1745628
0.0,34.908752
55.0,34.7723
0.0,1.158649
15.0,1.1645546
6.0,4.4887695
15.0,15.260747
0.0,1.158649
31.0,35.275303
1.0,1.158649
0.0,1.1690373
29.0,36.335342
0.0,1.158649
12.0,1.1645546
31.0,17.92744
3.0,1.158649
24.0,1.1745628
15.0,14.957405
3.0,1.158649
0.0,1.1745628
9.0,7.5606394
36.0,16.556286
5.0,1.158649
0.0,1.1750486
7.0,8.439807
4.0,5.6314716
17.0,15.429073
3.0,1.158649
13.0,1.1745628
20.0,15.351498
1.0,1.158649
0.0,1.1649922
12.0,1.0920845
7.0,1.0077434
30.0,15.141802
17.0,1.158649
0.0,0.97778046
15.0,15.0696125
0.0,1.158649
0.0,1.1645546
37.0,36.211952
0.0,1.158649
5.0,1.1645546
53.0,34.13868
0.0,1.158649
0.0,1.1645546
48.0,36.211952
5.0,1.158649
8.0,1.1750486
34.0,15.687552
0.0,1.158649
0.0,1.1645546
54.0,36.211952
0.0,1.158649
0.0,1.1645546
49.0,36.211952
4.0,1.158649
2.0,1.175695
0.0,29.272734
32.0,29.990524
0.0,1.2015467
6.0,1.158649
1.0,1.1719532
38.0,27.088367
5.0,1.158649
0.0,1.1750486
25.0,30.777397
0.0,1.158649
0.0,1.1645546
33.0,36.36863
3.0,1.158649
29.0,33.338753
3.0,1.158649
0.0,1.1745628
55.0,34.908752
3.0,1.158649
2.0,1.1745628
0.0,31.521894
1.0,1.044363
40.0,30.746078
5.0,1.158649
8.0,1.1750486
24.0,4.2220654
16.0,14.8651905
3.0,1.158649
0.0,1.1745628
27.0,34.908752
0.0,1.158649
0.0,1.1645546
44.0,36.211952
3.0,1.158649
6.0,1.1745628
4.0,7.1707873
21.0,16.068403
0.0,1.158649
0.0,1.1645546
43.0,36.211952
0.0,1.158649
0.0,1.1569982
1.0,1.1285566
44.0,36.23364
1.0,1.158649
11.0,1.1690373
0.0,4.8199596
0.0,4.3697057
16.0,17.286215
2.0,1.158649
0.0,1.1723665
42.0,36.02413
0.0,1.158649
0.0,1.1645546
30.0,36.211952
0.0,1.158649
1.0,1.1645546
35.0,36.367886
0.0,1.158649
1.0,1.1645546
44.0,36.367886
0.0,1.158649
0.0,1.1645546
47.0,36.211952
0.0,1.158649
5.0,1.1645546
27.0,34.13868
1.0,1.158649
27.0,1.1690373
15.0,14.939385
1.0,1.158649
0.0,1.1690373
51.0,36.335342
0.0,1.158649
0.0,1.1569982
0.0,1.1285566
43.0,36.177387
0.0,1.158649
0.0,1.1645546
43.0,36.211952
13.0,1.158649
0.0,1.0340285
32.0,15.359835
2.0,1.158649
2.0,1.1723665
26.0,34.569935
2.0,1.158649
0.0,1.1723665
43.0,36.02413
4.0,1.158649
0.0,1.175695
26.0,32.982002
0.0,1.158649
0.0,1.1569982
0.0,1.1285566
43.0,36.177387
5.0,1.158649
2.0,1.1750486
4.0,8.171774
23.0,18.988214
0.0,1.158649
6.0,1.1645546
0.0,32.725685
26.0,31.07548
0.0,1.158649
0.0,1.1569982
0.0,1.0913897
17.0,1.154405
0.0,4.951993
15.0,15.136341
0.0,1.158649
0.0,1.1645546
32.0,36.211952
2.0,1.158649
1.0,1.1723665
54.0,34.641396
1.0,1.158649
0.0,1.1690373
42.0,36.335342
0.0,1.158649
1.0,1.1645546
29.0,36.367886
0.0,1.158649
2.0,1.1569982
0.0,1.1296492
28.0,36.005062
2.0,1.158649
3.0,1.1723665
8.0,8.348285
42.0,15.782585
0.0,1.158649
0.0,1.1645546
45.0,36.211952
2.0,1.158649
0.0,1.1723665
56.0,36.02413
0.0,1.158649
0.0,1.1645546
44.0,36.21196
0.0,1.158649
37.0,35.275303
0.0,1.158649
0.0,1.1645546
51.0,36.211952
0.0,1.158649
0.0,1.1645546
37.0,36.211952
7.0,1.158649
0.0,1.1648172
40.0,25.84808
0.0,1.158649
0.0,1.1645546
45.0,36.211952
0.0,1.158649
12.0,1.1645546
46.0,17.92744
4.0,1.158649
6.0,1.175695
13.0,5.9552226
15.0,15.098744
3.0,1.158649
3.0,1.1745628
37.0,31.288382
0.0,1.158649
0.0,1.1645546
34.0,36.211952
1.0,1.158649
3.0,2.3580096
44.0,34.70806
0.0,1.158649
27.0,1.1645546
15.0,14.957062
3.0,1.158649
10.0,1.1745628
3.0,4.6761312
0.0,15.629456
19.0,15.649255
1.0,1.158649
5.0,1.1690373
2.0,32.338905
0.0,1.0175604
30.0,27.59012
0.0,1.158649
0.0,1.1645546
30.0,36.211952
0.0,1.158649
33.0,1.1645546
0.0,14.855761
15.0,14.836817
0.0,1.158649
4.0,1.1645546
27.0,34.22429
4.0,1.158649
0.0,1.175695
1.0,8.459215
34.0,30.893938
0.0,1.158649
0.0,1.1645546
47.0,36.211952
0.0,1.158649
30.0,35.275303
0.0,1.158649
0.0,1.1645546
37.0,36.211952
2.0,1.158649
0.0,1.1723665
1.0,6.8319187
28.0,35.100548
3.0,1.158649
0.0,1.1745628
7.0,7.5606394
3.0,21.956715
0.0,0.9526
8.0,12.38436
30.0,15.163674
1.0,1.158649
29.0,35.884155
0.0,1.158649
4.0,1.1645546
11.0,7.5823355
35.0,15.537736
2.0,1.158649
5.0,1.1723665
19.0,8.161907
15.0,15.008652
1.0,1.158649
31.0,35.884155
0.0,1.158649
0.0,1.1645546
13.0,5.239899
32.0,15.585918
3.0,1.158649
7.0,1.1745628
21.0,19.211838
0.0,1.158649
2.0,35.275303
0.0,5.6561637
6.0,6.355106
34.0,25.70398
2.0,1.158649
7.0,1.1723665
22.0,22.961742
0.0,1.158649
0.0,1.1645546
43.0,36.211952
4.0,1.158649
3.0,1.175695
38.0,28.827433
0.0,1.158649
0.0,1.1645546
58.0,36.211952
7.0,1.158649
14.0,1.1648172
15.0,15.111577
0.0,1.158649
0.0,1.1645546
34.0,36.211952
5.0,1.158649
1.0,1.1750486
40.0,28.472933
0.0,1.158649
0.0,1.1645546
43.0,36.211952
0.0,1.158649
10.0,1.1645546
0.0,6.568024
22.0,24.184048
0.0,1.158649
3.0,1.1645546
3.0,7.5417366
35.0,31.15298
0.0,1.158649
29.0,1.1645546
15.0,14.915579
1.0,1.158649
5.0,1.1690373
36.0,30.983763
0.0,1.158649
3.0,1.1645546
40.0,35.907127
0.0,1.158649
9.0,1.1645546
1.0,6.7834563
22.0,21.46876
2.0,1.158649
0.0,1.1723665
7.0,6.8319187
23.0,25.339802
0.0,1.158649
0.0,1.1645546
32.0,36.211952
0.0,1.158649
0.0,35.275303
34.0,36.223793
0.0,1.153474
30.0,35.640224
0.0,1.158649
6.0,1.1645546
24.0,32.725685
0.0,1.158649
42.0,1.1645546
15.0,14.760626
1.0,1.158649
4.0,1.1690373
31.0,32.49652
0.0,1.158649
0.0,1.1645546
30.0,36.211952
0.0,1.158649
59.0,35.275303
9.0,1.158649
5.0,1.920197
0.0,1.0151244
28.0,15.348973
0.0,1.153474
50.0,35.640224
2.0,1.158649
0.0,1.1696019
3.0,1.1319506
0.0,8.119257
25.0,32.40993
1.0,1.158649
0.0,1.1690373
7.0,6.1585226
18.0,1.0588831
15.0,14.961054
27.0,1.153474
30.0,14.41221
0.0,1.158649
1.0,1.1645546
44.0,36.367886
0.0,1.158649
0.0,1.1645546
37.0,36.211952
2.0,1.158649
11.0,1.1723665
30.0,15.921223
6.0,1.153474
39.0,24.226713
27.0,1.153474
1.0,1.7117561
15.0,14.934884
4.0,1.158649
2.0,1.175695
37.0,30.637638
0.0,1.158649
0.0,1.1645546
15.0,5.239899
0.0,0.96300215
30.0,15.989383
0.0,1.158649
2.0,1.1645546
0.0,36.28337
35.0,35.67557
0.0,1.158649
0.0,1.1645546
0.0,36.211952
30.0,36.24365
0.0,1.158649
31.0,35.275303
0.0,1.158649
0.0,1.1645546
47.0,36.21196
3.0,1.158649
13.0,1.1745628
15.0,15.3885975
7.0,1.153474
0.0,4.0287175
28.0,27.452227
0.0,1.158649
0.0,1.1645546
37.0,36.211952
0.0,1.158649
0.0,1.1645546
37.0,36.211952
0.0,1.158649
0.0,1.1645546
37.0,36.211952
0.0,1.158649
5.0,1.1645546
0.0,7.9428
45.0,31.557343
6.0,1.158649
15.0,1.1719532
15.0,15.117508
0.0,1.158649
0.0,1.1645546
50.0,36.36863
11.0,1.158649
2.0,1.0816661
17.0,15.393295
0.0,1.158649
0.0,1.1645546
36.0,36.21196
0.0,1.158649
45.0,35.275303
0.0,1.158649
19.0,1.1645546
30.0,15.205921
6.0,1.158649
0.0,1.1719532
45.0,28.418331
4.0,1.158649
1.0,1.175695
1.0,8.48737
26.0,29.34183
0.0,1.158649
0.0,1.1645546
30.0,36.211952
0.0,1.158649
0.0,1.1645546
29.0,36.36863
0.0,1.158649
0.0,1.1645546
0.0,36.211952
32.0,36.24365
0.0,1.158649
0.0,1.1569982
3.0,1.1285566
55.0,35.576572
0.0,1.158649
0.0,1.1645546
34.0,36.211952
2.0,1.158649
0.0,1.1723665
56.0,36.02413
0.0,1.158649
0.0,1.1645546
0.0,36.211952
30.0,36.24365
6.0,1.158649
3.0,1.1719532
20.0,20.36796
0.0,1.158649
13.0,1.1645546
17.0,16.385134
0.0,1.158649
0.0,1.1645546
56.0,36.211952
0.0,1.158649
22.0,1.1645546
1.0,0.97684115
15.0,15.058695
0.0,1.158649
8.0,1.1645546
21.0,27.321196
0.0,1.158649
4.0,1.1645546
0.0,7.5823355
14.0,1.0858983
30.0,15.268503
5.0,1.158649
4.0,1.1750486
0.0,6.838068
0.0,0.9805593
13.0,4.8583794
22.0,15.027947
4.0,1.158649
36.0,1.175695
15.0,14.781654
0.0,1.158649
12.0,1.1645546
20.0,17.92744
2.0,1.158649
9.0,1.1723665
14.0,5.7276793
11.0,1.00062
15.0,14.909579
8.0,1.153474
22.0,17.284811
0.0,1.158649
0.0,1.1645546
43.0,36.211952
0.0,1.158649
0.0,1.1645546
57.0,36.211952
0.0,1.153474
30.0,35.640224
0.0,1.158649
0.0,1.1645546
32.0,36.211952
0.0,1.158649
9.0,1.1645546
22.0,24.592922
0.0,1.158649
0.0,1.1569982
32.0,36.047268
5.0,1.158649
8.0,1.1750486
4.0,4.2220654
31.0,15.430857
0.0,1.158649
44.0,35.275303
0.0,1.158649
0.0,1.1645546
44.0,36.211952
0.0,1.158649
8.0,1.1645546
4.0,7.685826
22.0,20.879456
8.0,1.158649
5.0,1.1494873
30.0,15.533583
1.0,1.158649
6.0,1.1690373
30.0,30.704374
0.0,1.158649
0.0,1.1645546
34.0,36.211952
0.0,1.158649
0.0,1.1645546
39.0,36.211952
0.0,1.158649
0.0,1.1645546
47.0,36.211952
7.0,1.153474
36.0,20.641161
0.0,1.158649
0.0,1.1645546
58.0,36.211952
0.0,1.158649
0.0,1.1645546
0.0,1.118515
31.0,36.246593
7.0,1.158649
0.0,1.1648172
0.0,5.1317196
0.0,9.68816
21.0,9.293912
15.0,14.762647
0.0,1.158649
0.0,1.1645546
30.0,36.211952
0.0,1.158649
2.0,1.1645546
2.0,6.741284
37.0,33.785465
59.0,35.183613
4.0,1.158649
0.0,1.175695
28.0,32.982002
0.0,1.158649
0.0,1.1645546
32.0,36.211952
2.0,1.158649
15.0,1.1723665
15.0,15.322881
2.0,1.158649
4.0,1.1723665
0.0,1.1075977
11.0,1.0862451
15.0,15.376331
0.0,1.158649
7.0,1.1645546
9.0,8.091791
0.0,1.0257479
39.0,15.6859045
0.0,1.158649
0.0,1.1645546
30.0,36.211952
0.0,1.158649
38.0,35.275303
0.0,1.158649
13.0,1.1645546
16.0,15.770133
0.0,1.158649
31.0,35.275303
0.0,1.158649
43.0,35.275303
6.0,1.158649
5.0,1.1719532
21.0,17.57835
0.0,1.158649
3.0,1.1645546
26.0,35.26062
0.0,1.158649
2.0,1.1645546
28.0,36.28337
0.0,1.158649
0.0,1.1645546
32.0,36.211952
0.0,1.158649
0.0,1.1645546
17.0,5.239899
14.0,15.248378
0.0,1.158649
1.0,1.1645546
19.0,6.264172
14.0,15.177423
0.0,1.158649
0.0,1.1645546
0.0,36.36863
42.0,36.156353
0.0,1.158649
0.0,1.1645546
58.0,36.211952
0.0,1.158649
0.0,1.1645546
37.0,36.211952
5.0,1.158649
0.0,1.1750486
27.0,30.777397
1.0,1.158649
1.0,1.1690373
11.0,7.2506614
25.0,15.661826
0.0,1.158649
0.0,1.1645546
0.0,36.211952
43.0,36.24365
0.0,1.158649
0.0,1.1645546
52.0,36.211952
0.0,1.158649
30.0,35.275303
1.0,1.158649
1.0,1.1690373
28.0,36.20729
1.0,1.158649
0.0,1.1649922
46.0,36.26545
0.0,1.158649
32.0,35.275303
0.0,1.158649
0.0,1.1645546
0.0,36.211952
46.0,36.24365
0.0,1.158649
0.0,1.1645546
0.0,36.211952
30.0,36.24365
0.0,1.158649
0.0,1.1645546
45.0,36.211952
0.0,1.158649
0.0,1.1645546
30.0,36.211952
0.0,1.158649
21.0,1.1645546
15.0,15.118833
0.0,1.158649
0.0,1.1645546
32.0,36.211952
0.0,1.158649
0.0,1.1645546
30.0,36.211952
0.0,1.158649
0.0,1.1645546
30.0,36.211952
0.0,1.158649
0.0,1.1645546
0.0,36.211952
37.0,36.24365
0.0,1.158649
4.0,1.1645546
26.0,35.208168
0.0,1.158649
0.0,1.1645546
46.0,36.211952
3.0,1.158649
0.0,1.1745628
1.0,7.5606394
44.0,32.820564
0.0,1.158649
0.0,1.1645546
32.0,36.211952
0.0,1.158649
0.0,1.1645546
0.0,5.239899
0.0,1.1369716
15.0,5.3966937
15.0,15.272433
0.0,1.158649
6.0,1.1645546
23.0,31.270592
0.0,1.158649
1.0,1.1645546
17.0,6.264172
16.0,15.283476
0.0,1.158649
0.0,1.1645546
0.0,36.21196
30.0,36.24365
0.0,1.158649
15.0,1.1645546
16.0,4.4887695
15.0,14.955327
0.0,1.158649
0.0,1.1645546
30.0,36.211952
0.0,1.158649
11.0,1.1645546
10.0,6.0238886
36.0,15.255351
0.0,1.158649
13.0,1.1645546
19.0,16.385134
18.0,1.158649
0.0,0.97000647
0.0,1.8020834
1.0,1.0370122
30.0,15.00862
0.0,1.158649
2.0,1.1645546
7.0,1.1133145
20.0,26.445738
0.0,1.158649
0.0,1.1645546
45.0,36.211952
0.0,1.158649
0.0,1.1645546
0.0,36.211952
0.0,1.1592603
51.0,36.11472
0.0,1.158649
0.0,1.1645546
58.0,36.211952
0.0,1.158649
0.0,1.1645546
30.0,36.211952
1.0,1.158649
27.0,1.1690373
15.0,14.939385
0.0,1.158649
5.0,1.1645546
27.0,34.13868
0.0,1.158649
34.0,35.275303
0.0,1.158649
0.0,1.1645546
45.0,36.211952
0.0,1.158649
0.0,1.1645546
0.0,36.211952
30.0,36.24365
0.0,1.158649
0.0,1.1645546
30.0,36.211952
3.0,1.158649
4.0,1.1745628
24.0,8.267253
15.0,14.900996
0.0,1.158649
0.0,1.1645546
43.0,36.211952
0.0,1.158649
0.0,35.275303
39.0,36.223793
1.0,1.158649
1.0,1.1690373
11.0,6.8880157
0.0,0.99193794
8.0,3.1379685
0.0,15.105858
20.0,15.394069
0.0,1.158649
2.0,1.1645546
27.0,35.9398
0.0,1.158649
5.0,1.1645546
47.0,34.13868
0.0,1.158649
0.0,1.1645546
0.0,1.118515
31.0,36.283844
0.0,1.158649
0.0,1.1645546
0.0,36.211952
34.0,36.24365
0.0,1.158649
0.0,1.1569982
7.0,1.1285566
36.0,30.743214
3.0,1.158649
0.0,1.1745628
28.0,34.162632
0.0,1.158649
3.0,1.1645546
33.0,35.907127
6.0,1.158649
5.0,1.1719532
20.0,16.406973
1.0,1.158649
0.0,1.1690373
57.0,36.335342
0.0,1.158649
12.0,1.1645546
19.0,16.73906
0.0,1.158649
15.0,1.1645546
17.0,15.513774
0.0,1.158649
11.0,1.1645546
1.0,6.0238886
21.0,19.0429
0.0,1.158649
0.0,1.1645546
30.0,36.211952
0.0,1.158649
7.0,1.1645546
21.0,8.193394
15.0,14.970977
0.0,1.158649
0.0,1.1645546
43.0,36.211952
2.0,1.158649
3.0,1.1723665
24.0,32.062824
0.0,1.158649
1.0,1.1645546
29.0,36.367886
0.0,1.158649
0.0,1.1645546
37.0,36.211952
0.0,1.158649
32.0,35.275303
0.0,1.158649
0.0,1.1645546
43.0,36.211952
2.0,1.158649
0.0,1.1723665
28.0,36.02413
0.0,1.158649
0.0,1.1645546
43.0,36.211952
0.0,1.158649
0.0,1.1645546
30.0,36.211952
0.0,1.158649
0.0,1.1645546
32.0,36.211952
0.0,1.158649
3.0,1.1645546
40.0,35.907127
0.0,1.158649
10.0,1.2513213
29.0,21.651377
0.0,1.158649
19.0,1.1645546
30.0,15.205921
0.0,1.158649
7.0,1.1645546
0.0,8.193394
23.0,28.914356
0.0,1.158649
0.0,1.1645546
30.0,36.211952
0.0,1.158649
0.0,1.1645546
30.0,36.211952
0.0,1.158649
0.0,1.1645546
16.0,14.670479
15.0,15.308491
0.0,1.158649
30.0,35.275303
0.0,1.158649
1.0,1.1645546
31.0,36.367886
0.0,1.158649
0.0,1.1645546
32.0,36.211952
2.0,1.158649
0.0,1.1723665
30.0,36.02413
0.0,1.158649
4.0,1.1645546
28.0,35.208168
0.0,1.158649
11.0,1.1645546
0.0,6.0238886
0.0,21.176764
30.0,19.321053
10.0,1.153474
33.0,15.012897
0.0,1.158649
0.0,1.1645546
37.0,36.211952
0.0,1.158649
2.0,1.1645546
0.0,36.28337
32.0,35.67557
0.0,1.158649
0.0,1.1645546
30.0,36.211952
0.0,1.158649
0.0,1.1645546
0.0,5.239899
3.0,1.1143596
4.0,6.5575666
33.0,28.900942
1.0,1.158649
0.0,1.1690373
6.0,6.1585226
29.0,30.525057
0.0,1.158649
0.0,1.1645546
47.0,36.211952
0.0,1.158649
59.0,35.275303
0.0,1.158649
0.0,1.1645546
37.0,36.211952
0.0,1.158649
2.0,1.1645546
41.0,36.283363
0.0,1.158649
0.0,1.1645546
43.0,36.211952
0.0,1.158649
0.0,1.1645546
43.0,36.211952
0.0,1.158649
0.0,1.1645546
24.0,5.239899
22.0,14.979509
0.0,1.158649
0.0,1.1645546
32.0,36.211952
0.0,1.158649
0.0,1.1569982
1.0,1.1285566
41.0,36.06051
1.0,1.158649
0.0,1.1690373
44.0,36.335342
0.0,1.158649
0.0,1.1645546
29.0,36.36863
0.0,1.158649
1.0,1.1645546
29.0,36.367886
12.0,1.158649
5.0,1.0550795
15.0,15.147145
0.0,1.158649
4.0,1.1645546
1.0,7.582335
35.0,33.171474
0.0,1.158649
3.0,1.1645546
28.0,35.26062
0.0,1.158649
0.0,1.1645546
48.0,36.211952
7.0,1.158649
10.0,1.1648172
15.0,15.279612
9.0,1.158649
5.0,1.1310171
0.0,2.6340957
16.0,15.593838
0.0,1.158649
1.0,1.1645546
36.0,36.367886
0.0,1.158649
7.0,1.1645546
30.0,31.073345
0.0,1.158649
1.0,1.1645546
0.0,36.367886
42.0,36.110527
1.0,1.158649
0.0,1.1690373
42.0,36.335342
0.0,1.158649
13.0,1.1645546
2.0,5.0928845
19.0,15.78229
2.0,1.158649
0.0,1.1723665
2.0,6.8319187
26.0,33.290924
0.0,1.158649
0.0,1.1645546
44.0,36.36863
0.0,1.158649
1.0,1.1645546
17.0,6.264172
15.0,15.283476
0.0,1.158649
3.0,1.1645546
2.0,7.156249
0.0,1.1035215
18.0,7.663435
16.0,14.976107
0.0,1.158649
2.0,1.1645546
30.0,36.28337
0.0,1.158649
1.0,1.1645546
43.0,36.367886
0.0,1.158649
0.0,1.1645546
0.0,36.211952
30.0,36.24365
0.0,1.158649
6.0,1.1645546
39.0,32.725685
0.0,1.158649
4.0,1.1645546
0.0,7.954755
0.0,1.0567927
0.0,7.581495
27.0,31.751814
0.0,1.158649
0.0,1.1645546
3.0,5.239899
40.0,34.86679
0.0,1.158649
3.0,1.1645546
29.0,35.907127
0.0,1.158649
0.0,35.275303
38.0,36.223793
1.0,1.158649
23.0,1.1690373
15.0,15.026031
0.0,1.158649
1.0,1.1645546
7.0,6.264172
29.0,29.355303
7.0,1.158649
0.0,1.1648172
23.0,25.84808
0.0,1.158649
0.0,1.1645546
59.0,36.211952
0.0,1.158649
13.0,1.1645546
1.0,8.066277
30.0,16.24469
0.0,1.158649
0.0,1.1645546
47.0,36.21196
3.0,1.158649
0.0,1.1745628
30.0,34.908752
0.0,1.158649
0.0,35.275303
31.0,36.223793
7.0,1.158649
0.0,1.1648172
51.0,25.84808
5.0,1.158649
0.0,1.1750486
24.0,30.100977
0.0,1.158649
0.0,1.1645546
37.0,36.211952
0.0,1.158649
0.0,1.1645546
58.0,36.211952
0.0,1.158649
32.0,35.275303
0.0,1.158649
4.0,1.1645546
28.0,35.208168
0.0,1.158649
0.0,1.1645546
53.0,36.211952
0.0,1.158649
0.0,1.1569982
53.0,36.047268
0.0,1.158649
0.0,1.1645546
30.0,36.21196
0.0,1.158649
1.0,1.1645546
0.0,36.367886
29.0,36.110527
0.0,1.158649
6.0,1.1645546
24.0,32.725685
0.0,1.158649
1.0,1.1645546
1.0,6.264172
44.0,36.024647
0.0,1.158649
36.0,1.1645546
15.0,14.818375
0.0,1.158649
6.0,1.1645546
34.0,8.149177
15.0,14.778191
0.0,1.158649
53.0,35.275303
0.0,1.158649
0.0,1.1645546
45.0,36.211952
0.0,1.158649
6.0,1.1645546
8.0,8.149177
30.0,15.810602
0.0,1.158649
4.0,1.1645546
41.0,35.208168
0.0,1.158649
0.0,1.1645546
47.0,36.211952
4.0,1.158649
1.0,1.175695
45.0,30.895351
0.0,1.158649
0.0,1.1645546
43.0,36.211952
0.0,1.158649
0.0,1.1645546
47.0,36.211952
2.0,1.158649
1.0,1.1723665
43.0,34.641396
5.0,1.158649
0.0,1.1750486
42.0,30.777397
6.0,1.158649
32.0,1.1719532
15.0,14.800919
0.0,1.158649
0.0,1.1645546
47.0,36.211952
3.0,1.158649
2.0,1.1745628
38.0,32.79025
0.0,1.158649
7.0,1.1645546
37.0,29.474041
0.0,1.158649
0.0,35.275303
45.0,36.223793
0.0,1.158649
35.0,1.1645546
15.0,14.830123
0.0,1.158649
0.0,1.1645546
38.0,36.211952
2.0,1.158649
3.0,1.1723665
31.0,32.062824
7.0,1.158649
2.0,1.1648172
30.0,21.622076
0.0,1.158649
1.0,1.1645546
0.0,6.6344104
35.0,35.9886
1.0,1.158649
7.0,1.1690373
36.0,26.847775
5.0,1.158649
3.0,1.1750486
37.0,25.555405
0.0,1.158649
4.0,1.1645546
41.0,35.208168
1.0,1.158649
13.0,1.1690373
30.0,15.639787
0.0,1.158649
0.0,1.1645546
11.0,5.239899
30.0,18.171824
0.0,1.158649
0.0,1.1645546
4.0,1.118515
2.0,7.4472637
43.0,31.270876
0.0,1.158649
4.0,1.1645546
33.0,35.208168
0.0,1.158649
0.0,1.1645546
47.0,36.211952
0.0,1.158649
0.0,1.1645546
37.0,36.211952
0.0,1.158649
0.0,35.275303
40.0,36.223793
3.0,1.158649
3.0,1.1745628
0.0,8.35897
32.0,29.582283
2.0,1.158649
0.0,35.44245
34.0,35.641422
2.0,1.158649
0.0,1.1723665
41.0,36.02413
3.0,1.158649
5.0,1.1745628
38.0,25.234735
0.0,1.158649
0.0,1.1645546
1.0,5.239899
32.0,36.30673
2.0,1.158649
0.0,35.44245
43.0,35.641422
0.0,1.158649
2.0,1.1645546
30.0,36.28337
0.0,1.158649
37.0,35.275303
0.0,1.158649
7.0,1.1645546
30.0,31.073345
0.0,1.158649
1.0,1.1645546
36.0,36.367886
0.0,1.158649
0.0,1.1645546
37.0,36.211952
0.0,1.158649
0.0,1.1645546
43.0,36.211952
1.0,1.158649
6.0,1.1690373
30.0,29.180069
0.0,1.158649
0.0,1.1645546
34.0,36.211952
0.0,1.158649
0.0,35.275303
37.0,36.223793
0.0,1.158649
0.0,1.1645546
35.0,36.211952
2.0,1.158649
1.0,1.1723665
32.0,35.476433
0.0,1.158649
2.0,1.1645546
18.0,6.741284
15.0,15.207462
0.0,1.158649
5.0,1.1645546
30.0,34.13868
0.0,1.158649
1.0,1.1645546
30.0,36.367886
5.0,1.158649
13.0,1.9238191
15.0,15.25169
0.0,1.158649
0.0,1.1645546
31.0,36.211952
2.0,1.158649
0.0,1.1723665
35.0,6.8319187
15.0,14.693469
6.0,1.158649
0.0,1.1719532
31.0,8.237416
15.0,14.753117
0.0,1.158649
0.0,1.1645546
42.0,2.152255
1.0,6.1840887
15.0,14.893612
0.0,1.158649
7.0,1.1645546
27.0,8.193394
15.0,14.858592
0.0,1.158649
18.0,1.1645546
0.0,15.260141
15.0,15.27628
0.0,1.158649
0.0,1.1569982
5.0,1.1285566
15.0,7.614239
15.0,15.196622
0.0,1.158649
31.0,1.1645546
15.0,14.883181
2.0,1.158649
18.0,1.1723665
15.0,15.151141
0.0,1.158649
0.0,1.1645546
38.0,2.152255
15.0,14.704243
13.0,1.158649
5.0,1.0340285
0.0,15.116568
15.0,15.101141
2.0,1.158649
16.0,1.1723665
15.0,15.262155
0.0,1.158649
34.0,1.1645546
1.0,3.155699
15.0,14.807815
3.0,1.158649
13.0,1.1745628
0.0,3.6791692
0.0,0.9673573
0.0,2.6438928
15.0,15.528268
0.0,1.158649
3.0,1.1645546
14.0,7.156249
13.0,0.99535316
15.0,14.973112
14.0,1.158649
1.0,1.0155793
15.0,15.2122135
7.0,1.158649
7.0,1.1648172
19.0,6.555673
15.0,14.923573
0.0,1.158649
0.0,1.1645546
21.0,5.239899
15.0,15.067837
20.0,1.158649
0.0,0.957945
0.0,1.5622147
7.0,1.0356661
13.0,1.0235573
15.0,14.783525
4.0,1.158649
0.0,1.175695
18.0,8.1598
15.0,15.048237
0.0,1.158649
17.0,1.1645546
4.0,4.091515
15.0,15.273968
15.0,1.158649
0.0,1.0001642
0.0,2.3194473
15.0,15.206162
5.0,1.153474
0.0,5.112558
0.0,1.0028945
14.0,9.60523
15.0,15.2921505
0.0,1.158649
0.0,1.1645546
0.0,1.118515
28.0,5.862659
15.0,14.788143
0.0,1.158649
14.0,1.1645546
15.0,15.573685
14.0,1.158649
2.0,1.0155793
15.0,15.17121
0.0,1.158649
11.0,1.1084187
18.0,9.420486
15.0,14.952684
6.0,1.158649
0.0,1.1719532
14.0,8.237416
15.0,15.142074
0.0,1.158649
3.0,1.1645546
16.0,7.156249
15.0,15.237419
1.0,1.158649
1.0,1.1690373
3.0,16.78552
32.0,8.791799
15.0,14.67547
2.0,1.158649
34.0,1.1723665
15.0,14.821283
7.0,1.158649
0.0,1.1648172
8.0,7.658316
15.0,15.378967
15.0,1.158649
0.0,1.0001642
11.0,3.9700894
15.0,14.949285
13.0,1.158649
1.0,1.0340285
0.0,2.4817839
2.0,1.0314559
13.0,1.0859972
15.0,14.872833
17.0,1.158649
0.0,0.9777805
15.0,15.071901
12.0,1.158649
4.0,1.0550795
0.0,1.7143397
0.0,1.0163177
0.0,1.2137743
15.0,15.1046295
26.0,1.158649
0.0,0.9468432
0.0,1.2401412
15.0,14.90884
24.0,1.158649
11.0,0.94813645
15.0,14.777453
32.0,0.9178909
1.0,1.2263472
29.0,1.158649
1.0,0.94545597
15.0,14.799521
2.0,1.158649
0.0,1.1723665
18.0,6.8319187
15.0,15.136683
8.0,1.158649
1.0,1.1494873
10.0,6.5223765
15.0,15.166521
16.0,1.158649
0.0,0.98769224
15.0,15.113974
0.0,1.158649
10.0,1.1645546
0.0,6.568024
13.0,5.7646713
15.0,15.121605
9.0,1.158649
6.0,1.1310171
15.0,15.325686
7.0,1.158649
17.0,1.1648172
0.0,15.028889
15.0,15.1622715
1.0,1.158649
14.0,1.1690373
15.0,15.501213
17.0,1.158649
10.0,0.97778046
0.0,1.1241295
15.0,14.913894
16.0,1.158649
12.0,0.98769224
15.0,14.882031
12.0,1.158649
6.0,1.0550795
15.0,15.131555
17.0,1.153474
15.0,14.608524
38.0,1.158649
0.0,0.9437057
15.0,14.69101
17.0,1.158649
0.0,1.6580321
15.0,14.654044
0.0,1.158649
4.0,1.1645546
34.0,7.5823355
15.0,14.77785
0.0,1.158649
25.0,1.1645546
15.0,15.003072
17.0,1.153474
7.0,2.145182
15.0,15.031739
3.0,1.158649
27.0,1.1745628
15.0,14.904935
0.0,1.158649
9.0,1.1569982
13.0,1.0896035
15.0,15.089524
15.0,1.158649
0.0,1.0001642
0.0,3.9700894
15.0,15.164287
15.0,1.158649
0.0,1.0001642
0.0,2.3194473
15.0,15.179941
1.0,1.158649
42.0,2.3580096
0.0,3.2794669
14.0,14.698784
12.0,1.158649
17.0,1.0550795
15.0,14.890094
15.0,1.158649
0.0,1.0001642
0.0,2.3194473
15.0,15.179941
5.0,1.158649
1.0,1.1750486
9.0,8.430081
15.0,15.420332
32.0,1.158649
14.0,14.360181
15.0,1.158649
0.0,1.0001642
15.0,15.17543
0.0,1.158649
0.0,1.2513213
0.0,1.0280042
33.0,1.1010981
0.0,2.0401707
14.0,14.801202
17.0,1.158649
0.0,0.97778046
15.0,15.071902
17.0,1.158649
0.0,0.97778046
2.0,1.9287829
15.0,15.0572605
7.0,1.158649
0.0,1.1648172
15.0,10.9074745
14.0,15.034739
15.0,1.158649
0.0,1.0001642
15.0,15.17543
14.0,1.158649
0.0,1.0155793
15.0,15.234344
40.0,1.153474
15.0,14.272378
0.0,1.158649
3.0,1.1645546
31.0,7.156249
0.0,14.816219
15.0,15.000793
23.0,1.158649
2.0,0.948967
14.0,14.889323
7.0,1.158649
0.0,1.1648172
25.0,7.658316
15.0,14.835605
14.0,1.158649
0.0,1.0155793
0.0,2.6140728
14.0,15.2478285
15.0,1.158649
0.0,1.0001642
14.0,15.17543
2.0,1.158649
0.0,1.1723665
1.0,35.525726
14.0,1.1630907
0.0,3.9033139
14.0,15.280915
15.0,1.158649
14.0,14.609999
3.0,1.158649
0.0,1.10601
0.0,1.0650986
3.0,6.248358
0.0,12.739269
0.0,13.692384
28.0,12.278113
15.0,14.860565
33.0,1.158649
0.0,0.9444486
15.0,14.748002
15.0,1.158649
0.0,0.95645183
0.0,1.0094728
15.0,15.174833
17.0,1.158649
0.0,0.97778046
1.0,1.9287829
15.0,15.0655985
3.0,1.158649
34.0,1.1745628
15.0,14.810872
7.0,1.158649
26.0,1.1648172
15.0,14.861527
23.0,1.158649
0.0,0.948967
15.0,14.905637
0.0,1.158649
6.0,1.1645546
12.0,8.28509
15.0,15.327258
25.0,1.158649
0.0,0.9474385
15.0,14.866919
9.0,1.158649
7.0,1.1310171
15.0,15.26704
17.0,1.158649
0.0,0.97778046
1.0,1.9287829
15.0,15.0655985
41.0,1.158649
0.0,0.94331497
15.0,14.661488
25.0,1.158649
0.0,0.9490139
15.0,14.875645
6.0,1.158649
0.0,1.1719532
10.0,8.237416
15.0,15.323805
7.0,1.158649
0.0,1.1648172
16.0,7.658316
15.0,15.038677
15.0,1.158649
0.0,1.0001642
15.0,15.16786
0.0,1.158649
14.0,1.1645546
7.0,4.7582383
15.0,15.259897
14.0,1.158649
0.0,1.0155793
2.0,2.518346
15.0,15.157024
14.0,1.158649
1.0,1.0155793
18.0,2.1742811
15.0,14.87586
2.0,1.158649
14.0,1.1696019
15.0,15.269875
15.0,1.158649
0.0,1.0001642
0.0,2.3194473
0.0,1.0360625
15.0,15.123631
12.0,1.158649
2.0,1.0550795
15.0,15.288014
15.0,1.158649
0.0,1.0001642
15.0,15.17543
14.0,1.158649
0.0,1.0155793
5.0,2.518346
15.0,15.081293
7.0,1.153474
9.0,4.0287175
15.0,15.532381
18.0,1.158649
15.0,14.560503
1.0,1.158649
18.0,2.3580096
0.0,15.187951
15.0,15.1437235
14.0,1.158649
2.0,1.0155793
9.0,1.8673152
15.0,14.985444
15.0,1.158649
2.0,1.0001642
21.0,1.7177453
15.0,14.831001
13.0,1.158649
1.0,1.0340285
18.0,2.3682263
15.0,14.882057
40.0,1.158649
3.0,0.9434346
15.0,14.651981
0.0,1.158649
5.0,1.1645546
14.0,8.192821
15.0,15.253305
0.0,1.158649
12.0,1.1569982
0.0,1.0424505
31.0,3.9775467
11.0,1.158649
0.0,1.0816661
21.0,4.3869314
15.0,14.875151
15.0,1.158649
0.0,1.0001642
15.0,15.17543
18.0,1.158649
3.0,0.97000647
15.0,14.981863
18.0,1.158649
0.0,0.97000647
1.0,1.8020834
14.0,1.0945872
0.0,1.0204302
15.0,14.856132
5.0,1.158649
0.0,1.1750486
14.0,8.439807
15.0,15.16849
2.0,1.153474
14.0,5.53301
15.0,15.562535
6.0,1.158649
0.0,1.1719532
26.0,8.049969
15.0,14.826848
1.0,1.153474
6.0,4.770537
8.0,1.0173253
17.0,8.675768
15.0,14.969186
13.0,1.158649
4.0,1.0340285
23.0,1.6339458
15.0,14.83793
0.0,1.158649
13.0,1.1645546
0.0,5.092884
3.0,4.808906
15.0,15.73614
0.0,1.158649
6.0,1.1645546
2.0,8.149177
8.0,7.2322826
15.0,15.51736
14.0,1.158649
1.0,1.0155793
0.0,3.6564238
15.0,15.181798
13.0,1.158649
1.0,1.0340285
25.0,2.3682263
15.0,14.8266945
17.0,1.158649
0.0,0.97778046
15.0,15.071902
16.0,1.158649
0.0,0.98769224
5.0,2.022837
15.0,15.023506
0.0,1.158649
16.0,1.1645546
15.0,15.406357
10.0,1.158649
6.0,1.1081059
9.0,1.7809416
4.0,1.0377707
4.0,1.0640895
15.0,14.852191
4.0,1.158649
1.0,1.175695
9.0,8.450191
15.0,15.538469
11.0,1.158649
5.0,1.0816661
11.0,1.7264466
15.0,14.96784
17.0,1.153474
0.0,14.608524
15.0,15.223984
0.0,1.158649
24.0,1.1645546
15.0,15.028133
0.0,1.158649
0.0,1.1645546
26.0,5.239899
15.0,14.934206
0.0,1.158649
8.0,1.1645546
0.0,7.685826
13.0,6.179622
15.0,15.157173
1.0,1.158649
3.0,1.1690373
1.0,7.761572
30.0,8.53758
15.0,14.732283
4.0,1.158649
3.0,1.175695
19.0,8.258507
15.0,14.989054
0.0,1.158649
3.0,1.1645546
11.0,1.1114928
15.0,15.65917
4.0,1.158649
0.0,1.175695
11.0,8.1598
15.0,15.482229
0.0,1.158649
5.0,1.1569982
0.0,1.0401554
14.0,1.0722728
13.0,2.5586371
15.0,14.803363
0.0,1.158649
0.0,1.1645546
18.0,2.152255
15.0,15.214896
3.0,1.158649
10.0,1.1745628
23.0,1.0337667
15.0,14.873647
1.0,1.158649
2.0,1.1690373
14.0,7.3438334
15.0,15.376043
0.0,1.158649
0.0,1.1645546
24.0,5.239899
15.0,14.968469
0.0,1.158649
0.0,1.1645546
19.0,6.1363564
15.0,15.167395
1.0,1.158649
4.0,1.1690373
13.0,8.063678
15.0,15.322591
0.0,1.158649
5.0,1.1645546
9.0,6.471293
14.0,2.1139247
0.0,1.4296573
0.0,1.0027734
0.0,1.823049
23.0,1.5900009
41.0,1.158649
0.0,0.94331497
15.0,14.661488
0.0,1.158649
4.0,1.1645546
14.0,7.5823355
15.0,15.300869
0.0,1.158649
45.0,1.1645546
0.0,1.158649
15.0,1.1569982
3.0,1.1761514
0.0,0.9532121
15.0,15.170274
22.0,1.158649
3.0,0.94991994
15.0,14.896191
0.0,1.158649
1.0,1.1645546
12.0,1.1133167
0.0,5.4468765
21.0,3.4018414
15.0,14.818115
7.0,1.158649
0.0,1.1648172
26.0,10.9074745
0.0,14.802164
15.0,14.972686
13.0,1.158649
0.0,1.0340285
11.0,2.89876
15.0,14.991456
0.0,1.158649
15.0,1.1645546
15.0,6.914422
14.0,1.158649
0.0,1.0155793
3.0,2.6140728
15.0,15.146148
14.0,1.158649
0.0,1.0155793
3.0,2.6140728
15.0,15.146148
0.0,1.158649
0.0,1.1645546
23.0,5.239899
15.0,14.993024
0.0,1.153474
22.0,2.5523288
15.0,15.138493
0.0,1.158649
17.0,1.1645546
15.0,15.325814
3.0,1.158649
14.0,1.1745628
0.0,6.1025333
0.0,3.7975469
15.0,15.552546
